White Player,Black Player,Date,Result,Moves,Generated Story,Feedback,Comment
Gukesh D,"Ding, Liren",2024.11.25,0-1,"e2e4, e7e6, d2d4, d7d5, b1c3, g8f6, e4e5, f6d7, f2f4, c7c5, c3e2, b8c6, c2c3, a7a5, g1f3, a5a4, c1e3, f8e7, g2g4, d8a5, f1g2, a4a3, b2b3, c5d4, b3b4, a5c7, e2d4, d7b6, e1g1, b6c4, e3f2, c8d7, d1e2, c6d4, f3d4, c4b2, e2e3, a8c8, a1c1, c7c4, f4f5, c4d3, e3e1, e7g5, c1c2, c8c4, h2h4, g5f4, e1b1, c4c3, c2c3, d3c3, f5e6, f7e6, d4e2, c3e5, e2f4, e5f4, b1c2, f4c4, c2d2, e8g8, f2d4, b2d3, d2e3, f8f1, g2f1, e6e5, d4e5, c4g4, f1g2, d7f5, e5g3, f5e4, g1h2, h7h6, g2h3, g4d1, g3d6, d1c2, h2g3, c2a2, h3e6, g8h8","It was a chilly winter evening in November 2024. The air was electric with anticipation as two chess giants faced off at the prestigious tournament. Gukesh D, the young Indian prodigy, sat confidently behind his board, his eyes locked onto Ding Liren, the reigning world champion from China.

The game began innocently enough, with the familiar opening moves. ""I'll take the center,"" Gukesh said to himself, his fingers dancing across the board as he moved his pawn from e2 to e4. Ding responded with a calm nod, his dark hair perfectly in place as he countered with e7-e6.

The battle raged on, each player probing and counter-attacking with calculated precision. ""Ah, but you're leaving yourself open to a devastating fork!"" Gukesh exclaimed, his eyes lighting up with excitement as he sacrificed a pawn to launch a daring assault on Ding's position. The Chinese champion smiled knowingly, his expression unchanging as he sidestepped the trap and struck back with e4-e5.

The tension mounted as the game wore on, each move a calculated risk, each sacrifice a gamble for greater reward. Gukesh's fingers flew across the board, his brow furrowed in concentration as he sought to unravel Ding's defenses. ""You're pushing your luck, young man!"" Ding whispered to himself, a hint of amusement dancing in his eyes.

As the position became increasingly complex, the players' emotions began to ebb and flow. Gukesh's face was set in determination, his jaw clenched as he pressed for advantage. But Ding remained serene, his thoughts focused solely on the board, his intuition guiding him toward a stunning counterattack.

The decisive moment arrived with a burst of excitement: f2-f4! Ding's pawn swooped down like a bird of prey, targeting Gukesh's weakened kingside. The young Indian's eyes widened in alarm as he realized too late that his position was about to unravel.

""No...no, no, no!"" Gukesh muttered, slapping his hand against the table in frustration. Ding merely nodded, his smile growing wider as he seized the initiative. ""It's all over,"" he said quietly, his voice dripping with satisfaction.

Gukesh pushed back his chair, a mixture of disappointment and admiration for his opponent etched on his face. ""Well played, Ding Liren,"" he said, extending a hand in respect. The Chinese champion took it firmly, his eyes locked onto Gukesh's as he replied, ""You are the future, my young friend.""

As they rose from their chairs, the crowd erupted into applause, acknowledging the masterclass that had just transpired on the board. Ding Liren stood tall, his head held high, his victory a testament to his enduring greatness. For Gukesh D, though defeated this time, the memory of this battle would stay with him forever – a reminder to never give up in the pursuit of chess perfection.

The game ended: 0-1 in favor of Ding Liren.",Amazing,
Gukesh D,"Ding, Liren",2024.11.25,0-1,"e2e4, e7e6, d2d4, d7d5, b1c3, g8f6, e4e5, f6d7, f2f4, c7c5, c3e2, b8c6, c2c3, a7a5, g1f3, a5a4, c1e3, f8e7, g2g4, d8a5, f1g2, a4a3, b2b3, c5d4, b3b4, a5c7, e2d4, d7b6, e1g1, b6c4, e3f2, c8d7, d1e2, c6d4, f3d4, c4b2, e2e3, a8c8, a1c1, c7c4, f4f5, c4d3, e3e1, e7g5, c1c2, c8c4, h2h4, g5f4, e1b1, c4c3, c2c3, d3c3, f5e6, f7e6, d4e2, c3e5, e2f4, e5f4, b1c2, f4c4, c2d2, e8g8, f2d4, b2d3, d2e3, f8f1, g2f1, e6e5, d4e5, c4g4, f1g2, d7f5, e5g3, f5e4, g1h2, h7h6, g2h3, g4d1, g3d6, d1c2, h2g3, c2a2, h3e6, g8h8","It was November 25th, 2024, and the stage was set for one of the most anticipated chess matches of the year. Gukesh D, the young and rising star from India, sat at the board facing his formidable opponent, Ding Liren, the world's number two player from China.

The crowd was electric as the players shook hands and began to focus on the game ahead. The tension in the air was palpable, with each move a crucial moment in the battle for supremacy.

Gukesh, known for his aggressive playing style, opted for the King's Pawn Opening, moving his pawn from e2 to e4. Ding, anticipating this move, responded by pushing his pawn from e7 to e6.

""Ah, Gukesh, you're trying to blast me open with your favorite attack,"" Ding said with a sly smile, ""but I'm not going to make it easy for you.""

Gukesh grinned back, unfazed. ""Bring it on, Liren! I've been studying the openings, and I know exactly how to counter your moves.""

The game intensified as Gukesh launched a series of swift attacks, moving his pawns from d2 to d4 and g1 to f3. Ding countered with precision, defending his position with each move.

""Impressive!"" Gukesh exclaimed, leaning forward in his chair. ""You're not making it easy for me, but I'm loving the challenge!""

Ding chuckled, eyes locked on the board. ""I'm just getting started, kid. You think you can take me down?""

The next few moves saw both players trading blows, each trying to outmaneuver the other. Gukesh pushed his pawn from e4 to e5, but Ding countered with a clever move, pushing his pawn from f6 to d7.

Gukesh's eyes widened as he realized the trap had been set. ""Ah no! Liren, you sneaky devil!""

Ding smiled innocently, but the tension in his shoulders betrayed his excitement.

As the game wore on, the tension reached a boiling point. Gukesh launched a series of daring attacks, but Ding was always one move ahead, deflecting each blow with ease.

""I'm running out of steam!"" Gukesh muttered to himself as he pushed his pawn from c7 to c5. ""Liren's got me in a stranglehold!""

Ding leaned back in his chair, eyes narrowing. ""You're getting desperate now, kid. But I'll give you credit – you've played some great moves.""

Gukesh shook his head, sweat dripping down his forehead. ""Not good enough! I need to think outside the box...""

And with that, he made a daring move, pushing his pawn from g1 to f3 once more. The crowd gasped as Ding countered with an equally audacious response, moving his pawn from c6 to d4.

The battle raged on for what seemed like hours, each player pouring their heart and soul into every move. Finally, in a stunning turn of events, Gukesh pushed his pawn from e5 to e2, but it was too little, too late. Ding had set up an unbeatable fortress, protecting his king with precision.

As the crowd erupted into cheers, Ding raised his arms in triumph. ""Checkmate! Well played, kid – you gave me a run for my money!""

Gukesh grinned through gritted teeth, impressed by Ding's mastery of the game. ""Liren, you're an absolute genius! I should have seen that coming...""

As they shook hands and parted ways, Gukesh nodded in respect. ""I'll be back – stronger than ever. You haven't seen the last of me!""

Ding chuckled, a hint of amusement dancing in his eyes. ""I'm looking forward to it, kid. Bring it on!""",Amazing,"great story
"
